Test Method,# configuration parameter,Configuration Key
org.apache.flink.api.java.typeutils.runtime.kryo.KryoWithCustomSerializersTest#testNestedObjects,2,[pipeline.generic-types=true;pipeline.force-kryo=false;]
org.apache.flink.api.common.operators.base.OuterJoinOperatorBaseTest#testFullOuterJoinWithPartialMatchingKeys,1,[pipeline.object-reuse=true;]
org.apache.flink.api.common.operators.base.MapOperatorTest#testMapPlain,1,[pipeline.object-reuse=true;]
org.apache.flink.core.security.FlinkSecurityManagerTest#testRegistrationNotAllowedByExistingSecurityManager,2,[cluster.intercept-user-system-exit=THROW;cluster.processes.halt-on-fatal-error=false;]
org.apache.flink.configuration.ConfigurationTest#testMapNotContained,1,[test-map-key=Optional.empty;]
org.apache.flink.api.java.typeutils.runtime.kryo.KryoWithCustomSerializersTest#testCompositeObject,2,[pipeline.generic-types=true;pipeline.force-kryo=false;]
org.apache.flink.configuration.ConfigurationTest#testDeprecatedKeys,7,[the-key=11;old-key=Optional[12];older-key=Optional[13];does-not-exist=-1;foo=Optional.empty;not-there=Optional.empty;also-not-there=Optional.empty;]
org.apache.flink.configuration.ConfigUtilsTest#emptyArrayPutsEmptyValueInConfig,1,[test.option.key=[];]
org.apache.flink.api.common.io.GenericCsvInputFormatTest#testSparseParse,18,[taskmanager.runtime.fs_timeout=0;compiler.delimited-informat.max-line-samples=10;compiler.delimited-informat.min-line-samples=2;compiler.delimited-informat.max-sample-len=2097152;recursive.file.enumeration=false;delimited-format.delimiter=null;delimited-format.numSamples=null;fs.file.limit.total=-1;fs.file.limit.input=-1;fs.file.limit.output=-1;fs.test.limit.total=-1;fs.test.limit.input=-1;fs.test.limit.output=-1;fs.test-entropy.limit.total=-1;fs.test-entropy.limit.input=-1;fs.test-entropy.limit.output=-1;fs.default-scheme=null;fs.allowed-fallback-filesystems=;]
org.apache.flink.api.java.typeutils.runtime.kryo.KryoGenericTypeComparatorTest#testString,1,[pipeline.force-kryo=false;]
org.apache.flink.TestDebug#test,6,[myname=default;myage=0;fs.s3a.select.output.csv.quote.fields=null;hadoop.http.staticuser.user=null;fake2=200;fake3=300;]
org.apache.flink.api.common.io.FileInputFormatTest#testGetStatisticsMultipleFilesMultiplePathsNoCachedVersion,13,[taskmanager.runtime.fs_timeout=0;recursive.file.enumeration=false;fs.file.limit.total=-1;fs.file.limit.input=-1;fs.file.limit.output=-1;fs.test.limit.total=-1;fs.test.limit.input=-1;fs.test.limit.output=-1;fs.test-entropy.limit.total=-1;fs.test-entropy.limit.input=-1;fs.test-entropy.limit.output=-1;fs.default-scheme=null;fs.allowed-fallback-filesystems=;]
org.apache.flink.api.common.operators.base.OuterJoinOperatorBaseTest#testRightOuterJoin,1,[pipeline.object-reuse=true;]
org.apache.flink.api.common.operators.base.OuterJoinOperatorBaseTest#testFullOuterJoinWithEmptyLeftInput,1,[pipeline.object-reuse=true;]
org.apache.flink.configuration.ConfigurationTest#testListParserErrorDoesNotLeakSensitiveData,1,[secret=Optional['secret_value];]
org.apache.flink.api.common.operators.base.OuterJoinOperatorBaseTest#testFullOuterJoinWithFullMatchingKeys,1,[pipeline.object-reuse=true;]
org.apache.flink.configuration.RestOptionsTest#testBindAddressFirstDeprecatedKey,2,[web.address=Optional[foobar];rest.bind-address=foobar;]
org.apache.flink.api.java.typeutils.runtime.kryo.KryoSerializerCompatibilityTest#testMigrationStrategyForDifferentRegistrationOrder,1,[pipeline.force-kryo=false;]
org.apache.flink.api.common.io.DelimitedInputFormatSamplingTest#testSamplingOneFile,18,[taskmanager.runtime.fs_timeout=0;compiler.delimited-informat.max-line-samples=4;compiler.delimited-informat.min-line-samples=4;compiler.delimited-informat.max-sample-len=2097152;recursive.file.enumeration=false;delimited-format.delimiter=null;delimited-format.numSamples=null;fs.file.limit.total=-1;fs.file.limit.input=-1;fs.file.limit.output=-1;fs.test.limit.total=-1;fs.test.limit.input=-1;fs.test.limit.output=-1;fs.test-entropy.limit.total=-1;fs.test-entropy.limit.input=-1;fs.test-entropy.limit.output=-1;fs.default-scheme=null;fs.allowed-fallback-filesystems=;]
org.apache.flink.api.java.typeutils.runtime.PojoGenericTypeSerializerTest#testSimpleTypesObjects,2,[pipeline.generic-types=true;pipeline.force-kryo=false;]
org.apache.flink.api.common.serialization.TypeInformationSerializationSchemaTest#testDeSerialization,2,[pipeline.generic-types=true;pipeline.force-kryo=false;]
org.apache.flink.api.common.io.FileInputFormatTest#testSetPathNullPath,1,[taskmanager.runtime.fs_timeout=0;]
org.apache.flink.configuration.ConfigurationTest#testShouldParseValidStringToEnum,1,[test-string-key=VALUE1;]
org.apache.flink.api.common.io.FileOutputFormatTest#testOverwriteParallelLocalFS,13,[fs.overwrite-files=false;fs.output.always-create-directory=false;fs.file.limit.total=-1;fs.file.limit.input=-1;fs.file.limit.output=-1;fs.test.limit.total=-1;fs.test.limit.input=-1;fs.test.limit.output=-1;fs.test-entropy.limit.total=-1;fs.test-entropy.limit.input=-1;fs.test-entropy.limit.output=-1;fs.default-scheme=null;fs.allowed-fallback-filesystems=;]
org.apache.flink.api.java.typeutils.runtime.kryo.KryoGenericTypeComparatorTest#testCompositeObject,1,[pipeline.force-kryo=false;]
org.apache.flink.api.common.io.GenericCsvInputFormatTest#testReadInvalidContentsLenient,18,[taskmanager.runtime.fs_timeout=0;compiler.delimited-informat.max-line-samples=10;compiler.delimited-informat.min-line-samples=2;compiler.delimited-informat.max-sample-len=2097152;recursive.file.enumeration=false;delimited-format.delimiter=null;delimited-format.numSamples=null;fs.file.limit.total=-1;fs.file.limit.input=-1;fs.file.limit.output=-1;fs.test.limit.total=-1;fs.test.limit.input=-1;fs.test.limit.output=-1;fs.test-entropy.limit.total=-1;fs.test-entropy.limit.input=-1;fs.test-entropy.limit.output=-1;fs.default-scheme=null;fs.allowed-fallback-filesystems=;]
org.apache.flink.core.security.FlinkSecurityManagerTest#testMultiSecurityManagersWithSetFirstAndUnmonitored,2,[cluster.intercept-user-system-exit=THROW;cluster.processes.halt-on-fatal-error=false;]
org.apache.flink.api.common.operators.GenericDataSinkBaseTest#testDataSourceWithRuntimeContext,1,[pipeline.object-reuse=true;]
org.apache.flink.api.common.io.FileInputFormatTest#testGetStatisticsMultipleFilesNoCachedVersion,13,[taskmanager.runtime.fs_timeout=0;recursive.file.enumeration=false;fs.file.limit.total=-1;fs.file.limit.input=-1;fs.file.limit.output=-1;fs.test.limit.total=-1;fs.test.limit.input=-1;fs.test.limit.output=-1;fs.test-entropy.limit.total=-1;fs.test-entropy.limit.input=-1;fs.test-entropy.limit.output=-1;fs.default-scheme=null;fs.allowed-fallback-filesystems=;]
org.apache.flink.api.common.io.FileInputFormatTest#testGetPathsWithoutSettingFirst,1,[taskmanager.runtime.fs_timeout=0;]
org.apache.flink.api.common.io.GenericCsvInputFormatTest#testReadNoPosAllGzip,18,[taskmanager.runtime.fs_timeout=0;compiler.delimited-informat.max-line-samples=10;compiler.delimited-informat.min-line-samples=2;compiler.delimited-informat.max-sample-len=2097152;recursive.file.enumeration=false;delimited-format.delimiter=null;delimited-format.numSamples=null;fs.file.limit.total=-1;fs.file.limit.input=-1;fs.file.limit.output=-1;fs.test.limit.total=-1;fs.test.limit.input=-1;fs.test.limit.output=-1;fs.test-entropy.limit.total=-1;fs.test-entropy.limit.input=-1;fs.test-entropy.limit.output=-1;fs.default-scheme=null;fs.allowed-fallback-filesystems=;]
org.apache.flink.api.common.io.DelimitedInputFormatTest#testConfigure,7,[taskmanager.runtime.fs_timeout=0;compiler.delimited-informat.max-line-samples=10;compiler.delimited-informat.min-line-samples=2;compiler.delimited-informat.max-sample-len=2097152;delimited-format.delimiter=&-&;recursive.file.enumeration=false;delimited-format.numSamples=null;]
org.apache.flink.api.java.typeutils.runtime.kryo.KryoGenericTypeComparatorTest#testBeanStyleObjects,1,[pipeline.force-kryo=false;]
org.apache.flink.api.common.io.FileInputFormatTest#testGetStatsIgnoredUnderscoreFiles,13,[taskmanager.runtime.fs_timeout=0;recursive.file.enumeration=false;fs.file.limit.total=-1;fs.file.limit.input=-1;fs.file.limit.output=-1;fs.test.limit.total=-1;fs.test.limit.input=-1;fs.test.limit.output=-1;fs.test-entropy.limit.total=-1;fs.test-entropy.limit.input=-1;fs.test-entropy.limit.output=-1;fs.default-scheme=null;fs.allowed-fallback-filesystems=;]
org.apache.flink.api.common.io.BinaryInputFormatTest#testCreateInputSplitsWithOneFile,14,[input.block_size=42;taskmanager.runtime.fs_timeout=0;recursive.file.enumeration=false;fs.file.limit.total=-1;fs.file.limit.input=-1;fs.file.limit.output=-1;fs.test.limit.total=-1;fs.test.limit.input=-1;fs.test.limit.output=-1;fs.test-entropy.limit.total=-1;fs.test-entropy.limit.input=-1;fs.test-entropy.limit.output=-1;fs.default-scheme=null;fs.allowed-fallback-filesystems=;]
org.apache.flink.api.common.io.RichOutputFormatTest#testCheckRuntimeContextAccess,2,[fs.overwrite-files=false;fs.output.always-create-directory=false;]
org.apache.flink.configuration.FilesystemSchemeConfigTest#testExplicitlySetToLocal,11,[fs.default-scheme=null;fs.file.limit.total=-1;fs.file.limit.input=-1;fs.file.limit.output=-1;fs.test.limit.total=-1;fs.test.limit.input=-1;fs.test.limit.output=-1;fs.test-entropy.limit.total=-1;fs.test-entropy.limit.input=-1;fs.test-entropy.limit.output=-1;fs.allowed-fallback-filesystems=;]
org.apache.flink.api.common.io.DelimitedInputFormatSamplingTest#testSamplingOverlyLongRecord,18,[taskmanager.runtime.fs_timeout=0;compiler.delimited-informat.max-line-samples=4;compiler.delimited-informat.min-line-samples=4;compiler.delimited-informat.max-sample-len=2097152;recursive.file.enumeration=false;delimited-format.delimiter=null;delimited-format.numSamples=null;fs.file.limit.total=-1;fs.file.limit.input=-1;fs.file.limit.output=-1;fs.test.limit.total=-1;fs.test.limit.input=-1;fs.test.limit.output=-1;fs.test-entropy.limit.total=-1;fs.test-entropy.limit.input=-1;fs.test-entropy.limit.output=-1;fs.default-scheme=null;fs.allowed-fallback-filesystems=;]
org.apache.flink.configuration.GlobalConfigurationTest#testConfigurationYAML,9,[mykey1=myvalue1;mykey2=myvalue2;mykey3=null;mykey4=myvalue4;mykey5=myvalue5;mykey6=my: value6;mykey7=null;mykey8=null;mykey9=myvalue10;]
org.apache.flink.api.common.io.FileInputFormatTest#testSetPathsSingleWithMulti,1,[taskmanager.runtime.fs_timeout=0;]
org.apache.flink.api.common.io.GenericCsvInputFormatTest#testReadTooShortInputLenient,18,[taskmanager.runtime.fs_timeout=0;compiler.delimited-informat.max-line-samples=10;compiler.delimited-informat.min-line-samples=2;compiler.delimited-informat.max-sample-len=2097152;recursive.file.enumeration=false;delimited-format.delimiter=null;delimited-format.numSamples=null;fs.file.limit.total=-1;fs.file.limit.input=-1;fs.file.limit.output=-1;fs.test.limit.total=-1;fs.test.limit.input=-1;fs.test.limit.output=-1;fs.test-entropy.limit.total=-1;fs.test-entropy.limit.input=-1;fs.test-entropy.limit.output=-1;fs.default-scheme=null;fs.allowed-fallback-filesystems=;]
org.apache.flink.api.java.typeutils.runtime.kryo.KryoGenericArraySerializerTest#testCompositeObject,1,[pipeline.force-kryo=false;]
org.apache.flink.api.java.typeutils.runtime.kryo.KryoGenericArraySerializerTest#testString,1,[pipeline.force-kryo=false;]
org.apache.flink.api.common.io.FileInputFormatTest#testGetPathWithoutSettingFirst,1,[taskmanager.runtime.fs_timeout=0;]
org.apache.flink.api.common.state.MapStateDescriptorTest#testMapStateDescriptor,1,[pipeline.force-kryo=false;]
org.apache.flink.api.common.io.FileInputFormatTest#testMultiPathSetOnSinglePathIF,1,[taskmanager.runtime.fs_timeout=0;]
org.apache.flink.configuration.ConfigurationTest#testRemove,2,[a=1;b=2;]
org.apache.flink.api.java.typeutils.runtime.kryo.KryoGenericTypeSerializerTest#testJavaDequeue,1,[pipeline.force-kryo=false;]
org.apache.flink.configuration.ConfigurationTest#testMapThatOverwritesPrefix,3,[test-map-key.prop1=value1;test-map-key.prop2=99999;test-map-key={prop2=12, prop1=value1};]
org.apache.flink.api.common.io.FileInputFormatTest#testSetFileViaConfiguration,3,[taskmanager.runtime.fs_timeout=0;input.file.path=file:///some/none/existing/directory/;recursive.file.enumeration=false;]
org.apache.flink.api.common.io.FileInputFormatTest#testSetPathsMulti,1,[taskmanager.runtime.fs_timeout=0;]
org.apache.flink.api.java.typeutils.runtime.kryo.KryoGenericTypeComparatorTest#testSimpleTypesObjects,1,[pipeline.force-kryo=false;]
org.apache.flink.configuration.DelegatingConfigurationTest#testDelegationConfigurationToMapConsistentWithAddAllToProperties,4,[k0=v0;prefix.k1=v1;prefix.prefix.k2=v2;k3.prefix.prefix.k3=v3;]
org.apache.flink.api.java.typeutils.runtime.kryo.KryoSerializerSnapshotTest#addingTypesIsCompatibleAfterReconfiguration,1,[pipeline.force-kryo=false;]
org.apache.flink.api.common.io.FileInputFormatTest#testGetStatisticsOneFileWithCachedVersion,13,[taskmanager.runtime.fs_timeout=0;recursive.file.enumeration=false;fs.file.limit.total=-1;fs.file.limit.input=-1;fs.file.limit.output=-1;fs.test.limit.total=-1;fs.test.limit.input=-1;fs.test.limit.output=-1;fs.test-entropy.limit.total=-1;fs.test-entropy.limit.input=-1;fs.test-entropy.limit.output=-1;fs.default-scheme=null;fs.allowed-fallback-filesystems=;]
org.apache.flink.api.common.io.FileInputFormatTest#testGetStatisticsNonExistingFile,13,[taskmanager.runtime.fs_timeout=0;recursive.file.enumeration=false;fs.file.limit.total=-1;fs.file.limit.input=-1;fs.file.limit.output=-1;fs.test.limit.total=-1;fs.test.limit.input=-1;fs.test.limit.output=-1;fs.test-entropy.limit.total=-1;fs.test-entropy.limit.input=-1;fs.test-entropy.limit.output=-1;fs.default-scheme=null;fs.allowed-fallback-filesystems=;]
org.apache.flink.configuration.ConfigurationUtilsTest#testGetPrefixedKeyValuePairs,2,[test.prefix.k1=v1;test.prefix.k2=v2;]
org.apache.flink.configuration.ConfigurationTest#testMapWithoutPrefix,1,[test-map-key={prop2=12, prop1=value1};]
org.apache.flink.configuration.DelegatingConfigurationTest#testSetReturnsDelegatingConfiguration,1,[prefix.parallelism.default=1;]
org.apache.flink.configuration.FilesystemSchemeConfigTest#testExplicitlyPathTakesPrecedence,11,[fs.default-scheme=null;fs.file.limit.total=-1;fs.file.limit.input=-1;fs.file.limit.output=-1;fs.test.limit.total=-1;fs.test.limit.input=-1;fs.test.limit.output=-1;fs.test-entropy.limit.total=-1;fs.test-entropy.limit.input=-1;fs.test-entropy.limit.output=-1;fs.allowed-fallback-filesystems=;]
org.apache.flink.api.common.operators.base.MapOperatorTest#testMapWithRuntimeContext,1,[pipeline.object-reuse=true;]
org.apache.flink.api.common.operators.base.OuterJoinOperatorBaseTest#testLeftOuterJoin,1,[pipeline.object-reuse=true;]
org.apache.flink.api.common.io.FileInputFormatTest#testSetPathOnMulti,1,[taskmanager.runtime.fs_timeout=0;]
org.apache.flink.core.security.FlinkSecurityManagerTest#testMultiSecurityManagersWithSetLastAndUnmonitored,2,[cluster.intercept-user-system-exit=THROW;cluster.processes.halt-on-fatal-error=false;]
org.apache.flink.api.common.state.StateDescriptorTest#testSerializerDuplication,1,[pipeline.force-kryo=false;]
org.apache.flink.api.common.operators.base.OuterJoinOperatorBaseTest#testFullOuterJoinWithEmptyRightInput,1,[pipeline.object-reuse=true;]
org.apache.flink.api.common.io.EnumerateNestedFilesTest#testGetStatisticsMultipleNestedFiles,13,[taskmanager.runtime.fs_timeout=0;recursive.file.enumeration=true;fs.file.limit.total=-1;fs.file.limit.input=-1;fs.file.limit.output=-1;fs.test.limit.total=-1;fs.test.limit.input=-1;fs.test.limit.output=-1;fs.test-entropy.limit.total=-1;fs.test-entropy.limit.input=-1;fs.test-entropy.limit.output=-1;fs.default-scheme=null;fs.allowed-fallback-filesystems=;]
org.apache.flink.api.java.typeutils.runtime.kryo.KryoSerializerSnapshotTest#reorderingIsCompatibleAfterReconfiguration,1,[pipeline.force-kryo=false;]
org.apache.flink.api.common.io.FileOutputFormatTest#testOverwriteNonParallelLocalFS,13,[fs.overwrite-files=false;fs.output.always-create-directory=false;fs.file.limit.total=-1;fs.file.limit.input=-1;fs.file.limit.output=-1;fs.test.limit.total=-1;fs.test.limit.input=-1;fs.test.limit.output=-1;fs.test-entropy.limit.total=-1;fs.test-entropy.limit.input=-1;fs.test-entropy.limit.output=-1;fs.default-scheme=null;fs.allowed-fallback-filesystems=;]
org.apache.flink.configuration.CoreOptionsTest#testGetPluginParentFirstLoaderPatterns,2,[plugin.classloader.parent-first-patterns.default=[];plugin.classloader.parent-first-patterns.additional=[how, are, you];]
org.apache.flink.api.common.io.BinaryInputFormatTest#testCreateInputSplitsWithMulitpleFiles,12,[taskmanager.runtime.fs_timeout=0;fs.file.limit.total=-1;fs.file.limit.input=-1;fs.file.limit.output=-1;fs.test.limit.total=-1;fs.test.limit.input=-1;fs.test.limit.output=-1;fs.test-entropy.limit.total=-1;fs.test-entropy.limit.input=-1;fs.test-entropy.limit.output=-1;fs.default-scheme=null;fs.allowed-fallback-filesystems=;]
org.apache.flink.api.common.io.DelimitedInputFormatTest#testReadWithBufferSizeIsMultiple,18,[taskmanager.runtime.fs_timeout=0;compiler.delimited-informat.max-line-samples=10;compiler.delimited-informat.min-line-samples=2;compiler.delimited-informat.max-sample-len=2097152;recursive.file.enumeration=false;delimited-format.delimiter=null;delimited-format.numSamples=null;fs.file.limit.total=-1;fs.file.limit.input=-1;fs.file.limit.output=-1;fs.test.limit.total=-1;fs.test.limit.input=-1;fs.test.limit.output=-1;fs.test-entropy.limit.total=-1;fs.test-entropy.limit.input=-1;fs.test-entropy.limit.output=-1;fs.default-scheme=null;fs.allowed-fallback-filesystems=;]
org.apache.flink.api.java.typeutils.runtime.kryo.KryoSerializerCompatibilityTest#testMigrationOfTypeWithAvroType,1,[pipeline.force-kryo=false;]
org.apache.flink.api.common.io.DelimitedInputFormatSamplingTest#testNumSamplesMultipleFiles,18,[taskmanager.runtime.fs_timeout=0;compiler.delimited-informat.max-line-samples=4;compiler.delimited-informat.min-line-samples=4;compiler.delimited-informat.max-sample-len=2097152;recursive.file.enumeration=false;delimited-format.delimiter=null;delimited-format.numSamples=null;fs.file.limit.total=-1;fs.file.limit.input=-1;fs.file.limit.output=-1;fs.test.limit.total=-1;fs.test.limit.input=-1;fs.test.limit.output=-1;fs.test-entropy.limit.total=-1;fs.test-entropy.limit.input=-1;fs.test-entropy.limit.output=-1;fs.default-scheme=null;fs.allowed-fallback-filesystems=;]
org.apache.flink.api.java.typeutils.runtime.kryo.KryoGenericArraySerializerTest#testNestedObjects,1,[pipeline.force-kryo=false;]
org.apache.flink.api.common.io.RichInputFormatTest#testCheckRuntimeContextAccess,1,[taskmanager.runtime.fs_timeout=0;]
org.apache.flink.api.common.io.DelimitedInputFormatTest#testDelimiterOnBufferBoundaryWithWholeFileSplit,17,[taskmanager.runtime.fs_timeout=0;compiler.delimited-informat.max-line-samples=10;compiler.delimited-informat.min-line-samples=2;compiler.delimited-informat.max-sample-len=2097152;recursive.file.enumeration=false;delimited-format.numSamples=null;fs.file.limit.total=-1;fs.file.limit.input=-1;fs.file.limit.output=-1;fs.test.limit.total=-1;fs.test.limit.input=-1;fs.test.limit.output=-1;fs.test-entropy.limit.total=-1;fs.test-entropy.limit.input=-1;fs.test-entropy.limit.output=-1;fs.default-scheme=null;fs.allowed-fallback-filesystems=;]
org.apache.flink.api.common.io.BinaryInputFormatTest#testCreateInputSplitsWithEmptySplit,14,[input.block_size=42;taskmanager.runtime.fs_timeout=0;recursive.file.enumeration=false;fs.file.limit.total=-1;fs.file.limit.input=-1;fs.file.limit.output=-1;fs.test.limit.total=-1;fs.test.limit.input=-1;fs.test.limit.output=-1;fs.test-entropy.limit.total=-1;fs.test-entropy.limit.input=-1;fs.test-entropy.limit.output=-1;fs.default-scheme=null;fs.allowed-fallback-filesystems=;]
org.apache.flink.api.common.io.DelimitedInputFormatSamplingTest#testCachedStatistics,18,[taskmanager.runtime.fs_timeout=0;compiler.delimited-informat.max-line-samples=4;compiler.delimited-informat.min-line-samples=4;compiler.delimited-informat.max-sample-len=2097152;recursive.file.enumeration=false;delimited-format.delimiter=null;delimited-format.numSamples=null;fs.file.limit.total=-1;fs.file.limit.input=-1;fs.file.limit.output=-1;fs.test.limit.total=-1;fs.test.limit.input=-1;fs.test.limit.output=-1;fs.test-entropy.limit.total=-1;fs.test-entropy.limit.input=-1;fs.test-entropy.limit.output=-1;fs.default-scheme=null;fs.allowed-fallback-filesystems=;]
org.apache.flink.core.security.FlinkSecurityManagerTest#testMultiSecurityManagersWithSetFirstAndMonitored,2,[cluster.intercept-user-system-exit=THROW;cluster.processes.halt-on-fatal-error=false;]
org.apache.flink.api.common.serialization.TypeInformationSerializationSchemaTest#testSerializability,2,[pipeline.generic-types=true;pipeline.force-kryo=false;]
org.apache.flink.api.common.state.ListStateDescriptorTest#testListStateDescriptor,1,[pipeline.force-kryo=false;]
org.apache.flink.configuration.DelegatingConfigurationTest#testDelegationConfigurationWithNullPrefix,1,[test-key=value;]
org.apache.flink.api.common.io.GenericCsvInputFormatTest#readWithEmptyField,18,[taskmanager.runtime.fs_timeout=0;compiler.delimited-informat.max-line-samples=10;compiler.delimited-informat.min-line-samples=2;compiler.delimited-informat.max-sample-len=2097152;recursive.file.enumeration=false;delimited-format.delimiter=null;delimited-format.numSamples=null;fs.file.limit.total=-1;fs.file.limit.input=-1;fs.file.limit.output=-1;fs.test.limit.total=-1;fs.test.limit.input=-1;fs.test.limit.output=-1;fs.test-entropy.limit.total=-1;fs.test-entropy.limit.input=-1;fs.test-entropy.limit.output=-1;fs.default-scheme=null;fs.allowed-fallback-filesystems=;]
org.apache.flink.api.common.io.FileInputFormatTest#testGetStatisticsMultipleOneFileNoCachedVersion,13,[taskmanager.runtime.fs_timeout=0;recursive.file.enumeration=false;fs.file.limit.total=-1;fs.file.limit.input=-1;fs.file.limit.output=-1;fs.test.limit.total=-1;fs.test.limit.input=-1;fs.test.limit.output=-1;fs.test-entropy.limit.total=-1;fs.test-entropy.limit.input=-1;fs.test-entropy.limit.output=-1;fs.default-scheme=null;fs.allowed-fallback-filesystems=;]
org.apache.flink.api.common.io.FileInputFormatTest#testSetFileViaConfigurationEmptyPath,1,[taskmanager.runtime.fs_timeout=0;]
org.apache.flink.api.common.io.BinaryInputFormatTest#testGetStatisticsNonExistingFiles,14,[taskmanager.runtime.fs_timeout=0;recursive.file.enumeration=false;input.block_size=-9223372036854775808;fs.file.limit.total=-1;fs.file.limit.input=-1;fs.file.limit.output=-1;fs.test.limit.total=-1;fs.test.limit.input=-1;fs.test.limit.output=-1;fs.test-entropy.limit.total=-1;fs.test-entropy.limit.input=-1;fs.test-entropy.limit.output=-1;fs.default-scheme=null;fs.allowed-fallback-filesystems=;]
org.apache.flink.api.common.io.FileInputFormatTest#testMultiPathSetOnSinglePathIF2,1,[taskmanager.runtime.fs_timeout=0;]
org.apache.flink.configuration.ConfigUtilsTest#emptyCollectionPutsEmptyValueInConfig,1,[test.option.key=[];]
org.apache.flink.api.common.io.GenericCsvInputFormatTest#testReadWithCharset,18,[taskmanager.runtime.fs_timeout=0;compiler.delimited-informat.max-line-samples=10;compiler.delimited-informat.min-line-samples=2;compiler.delimited-informat.max-sample-len=2097152;recursive.file.enumeration=false;delimited-format.delimiter=null;delimited-format.numSamples=null;fs.file.limit.total=-1;fs.file.limit.input=-1;fs.file.limit.output=-1;fs.test.limit.total=-1;fs.test.limit.input=-1;fs.test.limit.output=-1;fs.test-entropy.limit.total=-1;fs.test-entropy.limit.input=-1;fs.test-entropy.limit.output=-1;fs.default-scheme=null;fs.allowed-fallback-filesystems=;]
org.apache.flink.api.common.io.FileInputFormatTest#testGetStatisticsOneFileNoCachedVersion,13,[taskmanager.runtime.fs_timeout=0;recursive.file.enumeration=false;fs.file.limit.total=-1;fs.file.limit.input=-1;fs.file.limit.output=-1;fs.test.limit.total=-1;fs.test.limit.input=-1;fs.test.limit.output=-1;fs.test-entropy.limit.total=-1;fs.test-entropy.limit.input=-1;fs.test-entropy.limit.output=-1;fs.default-scheme=null;fs.allowed-fallback-filesystems=;]
org.apache.flink.api.common.io.DelimitedInputFormatTest#testGetStatisticsFileDoesNotExist,15,[taskmanager.runtime.fs_timeout=0;compiler.delimited-informat.max-line-samples=10;compiler.delimited-informat.min-line-samples=2;compiler.delimited-informat.max-sample-len=2097152;fs.file.limit.total=-1;fs.file.limit.input=-1;fs.file.limit.output=-1;fs.test.limit.total=-1;fs.test.limit.input=-1;fs.test.limit.output=-1;fs.test-entropy.limit.total=-1;fs.test-entropy.limit.input=-1;fs.test-entropy.limit.output=-1;fs.default-scheme=null;fs.allowed-fallback-filesystems=;]
org.apache.flink.api.common.operators.base.OuterJoinOperatorBaseTest#testThatExceptionIsThrownForOuterJoinTypeNull,1,[pipeline.object-reuse=false;]
org.apache.flink.api.java.typeutils.runtime.kryo.KryoGenericTypeSerializerTest#testForwardEOFExceptionWhileDeserializing,1,[pipeline.force-kryo=false;]
org.apache.flink.api.common.io.FileInputFormatTest#testReadMultiplePatterns,13,[taskmanager.runtime.fs_timeout=0;recursive.file.enumeration=false;fs.file.limit.total=-1;fs.file.limit.input=-1;fs.file.limit.output=-1;fs.test.limit.total=-1;fs.test.limit.input=-1;fs.test.limit.output=-1;fs.test-entropy.limit.total=-1;fs.test-entropy.limit.input=-1;fs.test-entropy.limit.output=-1;fs.default-scheme=null;fs.allowed-fallback-filesystems=;]
org.apache.flink.api.java.typeutils.runtime.kryo.KryoSerializerSnapshotTest#sanityTest,1,[pipeline.force-kryo=false;]
org.apache.flink.api.java.typeutils.runtime.PojoGenericTypeSerializerTest#testNestedObjects,2,[pipeline.generic-types=true;pipeline.force-kryo=false;]
org.apache.flink.api.common.io.BinaryInputFormatTest#testGetStatisticsMultiplePaths,12,[taskmanager.runtime.fs_timeout=0;fs.file.limit.total=-1;fs.file.limit.input=-1;fs.file.limit.output=-1;fs.test.limit.total=-1;fs.test.limit.input=-1;fs.test.limit.output=-1;fs.test-entropy.limit.total=-1;fs.test-entropy.limit.input=-1;fs.test-entropy.limit.output=-1;fs.default-scheme=null;fs.allowed-fallback-filesystems=;]
org.apache.flink.api.common.io.GenericCsvInputFormatTest#testReadInvalidContents,18,[taskmanager.runtime.fs_timeout=0;compiler.delimited-informat.max-line-samples=10;compiler.delimited-informat.min-line-samples=2;compiler.delimited-informat.max-sample-len=2097152;recursive.file.enumeration=false;delimited-format.delimiter=null;delimited-format.numSamples=null;fs.file.limit.total=-1;fs.file.limit.input=-1;fs.file.limit.output=-1;fs.test.limit.total=-1;fs.test.limit.input=-1;fs.test.limit.output=-1;fs.test-entropy.limit.total=-1;fs.test-entropy.limit.input=-1;fs.test-entropy.limit.output=-1;fs.default-scheme=null;fs.allowed-fallback-filesystems=;]
org.apache.flink.api.common.io.EnumerateNestedFilesTest#testGetStatisticsOneFileInNestedDir,13,[taskmanager.runtime.fs_timeout=0;recursive.file.enumeration=true;fs.file.limit.total=-1;fs.file.limit.input=-1;fs.file.limit.output=-1;fs.test.limit.total=-1;fs.test.limit.input=-1;fs.test.limit.output=-1;fs.test-entropy.limit.total=-1;fs.test-entropy.limit.input=-1;fs.test-entropy.limit.output=-1;fs.default-scheme=null;fs.allowed-fallback-filesystems=;]
org.apache.flink.api.common.io.FileInputFormatTest#testSinglePathGetOnMultiPathIF,1,[taskmanager.runtime.fs_timeout=0;]
org.apache.flink.api.common.io.EnumerateNestedFilesTest#testOneNestedDirectoryTrue,13,[taskmanager.runtime.fs_timeout=0;recursive.file.enumeration=true;fs.file.limit.total=-1;fs.file.limit.input=-1;fs.file.limit.output=-1;fs.test.limit.total=-1;fs.test.limit.input=-1;fs.test.limit.output=-1;fs.test-entropy.limit.total=-1;fs.test-entropy.limit.input=-1;fs.test-entropy.limit.output=-1;fs.default-scheme=null;fs.allowed-fallback-filesystems=;]
org.apache.flink.api.java.typeutils.runtime.kryo.KryoSerializerCompatibilityTest#testMigrationWithTypeDevoidOfAvroTypes,1,[pipeline.force-kryo=false;]
org.apache.flink.configuration.ConfigurationTest#testOptionWithNoDefault,3,[int-key=11;string-key=abc;test=override;]
org.apache.flink.api.java.typeutils.runtime.kryo.KryoGenericTypeSerializerTest#testNestedObjects,1,[pipeline.force-kryo=false;]
org.apache.flink.api.java.typeutils.runtime.kryo.KryoSerializerConcurrencyTest#testDuplicateSerializerWithDefaultSerializerClass,1,[pipeline.force-kryo=false;]
org.apache.flink.api.java.typeutils.runtime.kryo.KryoWithCustomSerializersTest#testJodaTime,2,[pipeline.generic-types=true;pipeline.force-kryo=false;]
org.apache.flink.api.java.typeutils.runtime.kryo.KryoSerializerSnapshotTest#tryingToRestoreWithNonExistingClassShouldBeIncompatible,1,[pipeline.force-kryo=false;]
org.apache.flink.configuration.ConfigUtilsTest#arrayIsCorrectlyPutAndFetched,1,[test.option.key=[1, 3, 2, 4];]
org.apache.flink.core.security.FlinkSecurityManagerTest#testDisabledConfiguration,2,[cluster.intercept-user-system-exit=DISABLED;cluster.processes.halt-on-fatal-error=false;]
org.apache.flink.api.common.io.GenericCsvInputFormatTest#testSparseFieldArray,4,[taskmanager.runtime.fs_timeout=0;compiler.delimited-informat.max-line-samples=10;compiler.delimited-informat.min-line-samples=2;compiler.delimited-informat.max-sample-len=2097152;]
org.apache.flink.api.common.operators.base.FlatMapOperatorCollectionTest#testExecuteOnCollection,1,[pipeline.object-reuse=true;]
org.apache.flink.api.common.io.EnumerateNestedFilesTest#testOnlyLevel2NestedDirectories,13,[taskmanager.runtime.fs_timeout=0;recursive.file.enumeration=true;fs.file.limit.total=-1;fs.file.limit.input=-1;fs.file.limit.output=-1;fs.test.limit.total=-1;fs.test.limit.input=-1;fs.test.limit.output=-1;fs.test-entropy.limit.total=-1;fs.test-entropy.limit.input=-1;fs.test-entropy.limit.output=-1;fs.default-scheme=null;fs.allowed-fallback-filesystems=;]
org.apache.flink.core.fs.LimitedConnectionsConfigurationTest#testConnectionLimitingSettings,5,[fs.testscheme.limit.total=-1;fs.testscheme.limit.input=-1;fs.testscheme.limit.output=10;fs.testscheme.limit.timeout=0;fs.testscheme.limit.stream-timeout=0;]
org.apache.flink.configuration.ConfigurationTest#testThrowsExceptionIfTryingToParseInvalidStringForEnum,1,[test-string-key=Optional[InvalidValueForTestEnum];]
org.apache.flink.api.common.io.DelimitedInputFormatTest#testGetStatisticsSingleFileWithCachedVersion,18,[taskmanager.runtime.fs_timeout=0;compiler.delimited-informat.max-line-samples=10;compiler.delimited-informat.min-line-samples=2;compiler.delimited-informat.max-sample-len=2097152;recursive.file.enumeration=false;delimited-format.delimiter=null;delimited-format.numSamples=null;fs.file.limit.total=-1;fs.file.limit.input=-1;fs.file.limit.output=-1;fs.test.limit.total=-1;fs.test.limit.input=-1;fs.test.limit.output=-1;fs.test-entropy.limit.total=-1;fs.test-entropy.limit.input=-1;fs.test-entropy.limit.output=-1;fs.default-scheme=null;fs.allowed-fallback-filesystems=;]
org.apache.flink.api.common.io.GenericCsvInputFormatTest#testReadTooShortInput,18,[taskmanager.runtime.fs_timeout=0;compiler.delimited-informat.max-line-samples=10;compiler.delimited-informat.min-line-samples=2;compiler.delimited-informat.max-sample-len=2097152;recursive.file.enumeration=false;delimited-format.delimiter=null;delimited-format.numSamples=null;fs.file.limit.total=-1;fs.file.limit.input=-1;fs.file.limit.output=-1;fs.test.limit.total=-1;fs.test.limit.input=-1;fs.test.limit.output=-1;fs.test-entropy.limit.total=-1;fs.test-entropy.limit.input=-1;fs.test-entropy.limit.output=-1;fs.default-scheme=null;fs.allowed-fallback-filesystems=;]
org.apache.flink.api.common.io.GenericCsvInputFormatTest#testReadNoPosAllZStandard,18,[taskmanager.runtime.fs_timeout=0;compiler.delimited-informat.max-line-samples=10;compiler.delimited-informat.min-line-samples=2;compiler.delimited-informat.max-sample-len=2097152;recursive.file.enumeration=false;delimited-format.delimiter=null;delimited-format.numSamples=null;fs.file.limit.total=-1;fs.file.limit.input=-1;fs.file.limit.output=-1;fs.test.limit.total=-1;fs.test.limit.input=-1;fs.test.limit.output=-1;fs.test-entropy.limit.total=-1;fs.test-entropy.limit.input=-1;fs.test-entropy.limit.output=-1;fs.default-scheme=null;fs.allowed-fallback-filesystems=;]
org.apache.flink.configuration.ConfigurationTest#testOptionWithDefault,4,[int-key=11;string-key=abc;test=override;test2=87;]
org.apache.flink.configuration.ConfigUtilsTest#nullCollectionPutsNothingInConfig,1,[test.option.key=null;]
org.apache.flink.configuration.ConfigUtilsTest#collectionIsCorrectlyPutAndFetched,1,[test.option.key=[1, 3, 2, 4];]
org.apache.flink.api.common.io.FileInputFormatTest#testSetPathsEmptyArray,1,[taskmanager.runtime.fs_timeout=0;]
org.apache.flink.api.common.io.DelimitedInputFormatTest#testReadOverSplitBoundariesUnaligned,18,[taskmanager.runtime.fs_timeout=0;compiler.delimited-informat.max-line-samples=10;compiler.delimited-informat.min-line-samples=2;compiler.delimited-informat.max-sample-len=2097152;recursive.file.enumeration=false;delimited-format.delimiter=null;delimited-format.numSamples=null;fs.file.limit.total=-1;fs.file.limit.input=-1;fs.file.limit.output=-1;fs.test.limit.total=-1;fs.test.limit.input=-1;fs.test.limit.output=-1;fs.test-entropy.limit.total=-1;fs.test-entropy.limit.input=-1;fs.test-entropy.limit.output=-1;fs.default-scheme=null;fs.allowed-fallback-filesystems=;]
org.apache.flink.api.common.io.GenericCsvInputFormatTest#testReadNoPosAllDeflate,18,[taskmanager.runtime.fs_timeout=0;compiler.delimited-informat.max-line-samples=10;compiler.delimited-informat.min-line-samples=2;compiler.delimited-informat.max-sample-len=2097152;recursive.file.enumeration=false;delimited-format.delimiter=null;delimited-format.numSamples=null;fs.file.limit.total=-1;fs.file.limit.input=-1;fs.file.limit.output=-1;fs.test.limit.total=-1;fs.test.limit.input=-1;fs.test.limit.output=-1;fs.test-entropy.limit.total=-1;fs.test-entropy.limit.input=-1;fs.test-entropy.limit.output=-1;fs.default-scheme=null;fs.allowed-fallback-filesystems=;]
org.apache.flink.api.java.typeutils.runtime.kryo.KryoGenericArraySerializerTest#testSimpleTypesObjects,1,[pipeline.force-kryo=false;]
org.apache.flink.api.common.io.DelimitedInputFormatTest#testReadRecordsLargerThanBuffer,18,[taskmanager.runtime.fs_timeout=0;compiler.delimited-informat.max-line-samples=10;compiler.delimited-informat.min-line-samples=2;compiler.delimited-informat.max-sample-len=2097152;recursive.file.enumeration=false;delimited-format.delimiter=null;delimited-format.numSamples=null;fs.file.limit.total=-1;fs.file.limit.input=-1;fs.file.limit.output=-1;fs.test.limit.total=-1;fs.test.limit.input=-1;fs.test.limit.output=-1;fs.test-entropy.limit.total=-1;fs.test-entropy.limit.input=-1;fs.test-entropy.limit.output=-1;fs.default-scheme=null;fs.allowed-fallback-filesystems=;]
org.apache.flink.api.common.operators.base.OuterJoinOperatorBaseTest#testFullOuterJoinWithoutMatchingPartners,1,[pipeline.object-reuse=true;]
org.apache.flink.configuration.ConfigurationUtilsTest#testPropertiesToConfiguration,10,[key1=value1;key2=value2;key0=value0;key5=value5;key6=value6;key3=value3;key4=value4;key9=value9;key7=value7;key8=value8;]
org.apache.flink.configuration.ConfigurationTest#testToMap,3,[test-list-key=[value1, value2, value3];test-map-key={key1=value1, key2=value2};test-duration-key=PT3S;]
org.apache.flink.configuration.SecurityOptionsTest#checkEnableRestSSLAuthentication,3,[security.ssl.rest.enabled=true;security.ssl.rest.authentication-enabled=true;security.ssl.enabled=false;]
org.apache.flink.api.common.io.DelimitedInputFormatTest#testSerialization,4,[taskmanager.runtime.fs_timeout=0;compiler.delimited-informat.max-line-samples=10;compiler.delimited-informat.min-line-samples=2;compiler.delimited-informat.max-sample-len=2097152;]
org.apache.flink.api.java.typeutils.runtime.kryo.KryoGenericArraySerializerTest#testBeanStyleObjects,1,[pipeline.force-kryo=false;]
org.apache.flink.configuration.ConfigurationTest#testMapParserErrorDoesNotLeakSensitiveData,1,[secret=Optional[secret_value];]
org.apache.flink.api.java.typeutils.runtime.PojoGenericTypeSerializerTest#testBeanStyleObjects,2,[pipeline.generic-types=true;pipeline.force-kryo=false;]
org.apache.flink.api.common.operators.GenericDataSourceBaseTest#testDataSourceWithRuntimeContext,1,[pipeline.object-reuse=true;]
org.apache.flink.api.java.typeutils.runtime.PojoGenericTypeSerializerTest#testCompositeObject,2,[pipeline.generic-types=true;pipeline.force-kryo=false;]
org.apache.flink.core.security.FlinkSecurityManagerTest#testThrowConfiguration,2,[cluster.intercept-user-system-exit=THROW;cluster.processes.halt-on-fatal-error=false;]
org.apache.flink.configuration.ConfigurationTest#testShouldParseValidStringToEnumIgnoringCase,1,[test-string-key=VALUE1;]
org.apache.flink.api.common.io.FileInputFormatTest#testSetPathNullString,1,[taskmanager.runtime.fs_timeout=0;]
org.apache.flink.api.java.typeutils.runtime.TupleSerializerTest#testTuple5CustomObjects,2,[pipeline.generic-types=true;pipeline.force-kryo=false;]
org.apache.flink.api.java.typeutils.runtime.kryo.KryoWithCustomSerializersTest#testString,2,[pipeline.generic-types=true;pipeline.force-kryo=false;]
org.apache.flink.configuration.ConfigurationTest#testCopyConstructor,1,[theKey=value;]
org.apache.flink.configuration.ConfigurationUtilsTest#testRandomTempDirectorySelection,1,[io.tmp.dirs=61cc33b8-4272-4b73-8f20-5b13bd046440,e2857698-9315-473f-abd2-a18ce020083a,50a108f3-02d9-400d-8181-c9db5d02bd40,149b7f51-f82d-41d6-a455-82db371f80f4,78851160-51da-4ca6-8a90-386f81ea8df2,386298d3-cc5c-4612-b71a-32b4640a3b77,0cc941d6-6da9-46ed-a963-8f367ef428d5,7229190f-2af8-43dd-8241-37b7c846d15f,fd660d9a-a4d2-4d75-9c19-898269c3b97a,9d4b4112-63d5-4135-a3cc-efc2ba59a16d,1f8e38b0-2ea1-4f58-83da-95b937995872,782297d7-ff94-4926-b1dc-02d7c1013cdf,07ac6c02-ed5a-44e0-b77f-b6a38840e784,ad4455f8-dd80-4d16-92f8-196bd615450c,289df151-b1c8-4722-bb94-e380ae374d47,459f5606-50bf-4469-ba4d-138ecbaa7f79,b65a7450-d0aa-4d12-b4c2-3dc68be12632,77ca1b39-ef39-42e0-8c8e-563c83f76f86,0d145443-be7b-4ef0-b346-5c39b9f1bf53,8d5116db-9fad-4f1d-9c6a-eacf8ccf287d,;]
org.apache.flink.api.common.io.DelimitedInputFormatSamplingTest#testNumSamplesOneFile,18,[taskmanager.runtime.fs_timeout=0;compiler.delimited-informat.max-line-samples=4;compiler.delimited-informat.min-line-samples=4;compiler.delimited-informat.max-sample-len=2097152;recursive.file.enumeration=false;delimited-format.delimiter=null;delimited-format.numSamples=null;fs.file.limit.total=-1;fs.file.limit.input=-1;fs.file.limit.output=-1;fs.test.limit.total=-1;fs.test.limit.input=-1;fs.test.limit.output=-1;fs.test-entropy.limit.total=-1;fs.test-entropy.limit.input=-1;fs.test-entropy.limit.output=-1;fs.default-scheme=null;fs.allowed-fallback-filesystems=;]
org.apache.flink.api.java.typeutils.runtime.kryo.KryoSerializerConcurrencyCheckInactiveITCase#testWithNoConcurrencyCheck,1,[pipeline.force-kryo=false;]
org.apache.flink.api.common.io.FileOutputFormatTest#testCreateParallelLocalFS,13,[fs.overwrite-files=false;fs.output.always-create-directory=false;fs.file.limit.total=-1;fs.file.limit.input=-1;fs.file.limit.output=-1;fs.test.limit.total=-1;fs.test.limit.input=-1;fs.test.limit.output=-1;fs.test-entropy.limit.total=-1;fs.test-entropy.limit.input=-1;fs.test-entropy.limit.output=-1;fs.default-scheme=null;fs.allowed-fallback-filesystems=;]
org.apache.flink.api.common.io.FileInputFormatTest#testCreateInputSplitSingleFile,13,[taskmanager.runtime.fs_timeout=0;recursive.file.enumeration=false;fs.file.limit.total=-1;fs.file.limit.input=-1;fs.file.limit.output=-1;fs.test.limit.total=-1;fs.test.limit.input=-1;fs.test.limit.output=-1;fs.test-entropy.limit.total=-1;fs.test-entropy.limit.input=-1;fs.test-entropy.limit.output=-1;fs.default-scheme=null;fs.allowed-fallback-filesystems=;]
org.apache.flink.configuration.ConfigurationTest#testMapRemovePrefix,2,[test-map-key.prop1=value1;test-map-key.prop2=99999;]
org.apache.flink.api.common.operators.base.InnerJoinOperatorBaseTest#testJoinPlain,1,[pipeline.object-reuse=true;]
org.apache.flink.configuration.FilesystemSchemeConfigTest#testDefaultsToLocal,11,[fs.file.limit.total=-1;fs.file.limit.input=-1;fs.file.limit.output=-1;fs.test.limit.total=-1;fs.test.limit.input=-1;fs.test.limit.output=-1;fs.test-entropy.limit.total=-1;fs.test-entropy.limit.input=-1;fs.test-entropy.limit.output=-1;fs.default-scheme=null;fs.allowed-fallback-filesystems=;]
org.apache.flink.api.java.typeutils.runtime.kryo.KryoSerializerSnapshotTest#replacingKryoSerializersIsCompatibleAsIs,1,[pipeline.force-kryo=false;]
org.apache.flink.api.common.state.ListStateDescriptorTest#testSerializerDuplication,1,[pipeline.force-kryo=false;]
org.apache.flink.api.java.typeutils.runtime.MultidimensionalArraySerializerTest#testObjectArrays,2,[pipeline.generic-types=true;pipeline.force-kryo=false;]
org.apache.flink.api.common.operators.GenericDataSourceBaseTest#testDataSourcePlain,1,[pipeline.object-reuse=true;]
org.apache.flink.configuration.DelegatingConfigurationTest#testDelegationConfigurationWithPrefix,2,[pref-key=value;test-key=value;]
org.apache.flink.api.java.typeutils.runtime.kryo.KryoWithCustomSerializersTest#testSimpleTypesObjects,2,[pipeline.generic-types=true;pipeline.force-kryo=false;]
org.apache.flink.api.common.io.FileInputFormatTest#testExcludeFiles,13,[taskmanager.runtime.fs_timeout=0;recursive.file.enumeration=false;fs.file.limit.total=-1;fs.file.limit.input=-1;fs.file.limit.output=-1;fs.test.limit.total=-1;fs.test.limit.input=-1;fs.test.limit.output=-1;fs.test-entropy.limit.total=-1;fs.test-entropy.limit.input=-1;fs.test-entropy.limit.output=-1;fs.default-scheme=null;fs.allowed-fallback-filesystems=;]
org.apache.flink.api.java.typeutils.runtime.kryo.KryoGenericTypeSerializerTest#testCompositeObject,1,[pipeline.force-kryo=false;]
org.apache.flink.api.common.io.EnumerateNestedFilesTest#testOneNestedDirectoryFalse,13,[taskmanager.runtime.fs_timeout=0;recursive.file.enumeration=false;fs.file.limit.total=-1;fs.file.limit.input=-1;fs.file.limit.output=-1;fs.test.limit.total=-1;fs.test.limit.input=-1;fs.test.limit.output=-1;fs.test-entropy.limit.total=-1;fs.test-entropy.limit.input=-1;fs.test-entropy.limit.output=-1;fs.default-scheme=null;fs.allowed-fallback-filesystems=;]
org.apache.flink.api.java.typeutils.runtime.kryo.KryoGenericTypeSerializerTest#testSimpleTypesObjects,1,[pipeline.force-kryo=false;]
org.apache.flink.api.common.io.DelimitedInputFormatTest#testMultiCharDelimiter,17,[taskmanager.runtime.fs_timeout=0;compiler.delimited-informat.max-line-samples=10;compiler.delimited-informat.min-line-samples=2;compiler.delimited-informat.max-sample-len=2097152;recursive.file.enumeration=false;delimited-format.numSamples=null;fs.file.limit.total=-1;fs.file.limit.input=-1;fs.file.limit.output=-1;fs.test.limit.total=-1;fs.test.limit.input=-1;fs.test.limit.output=-1;fs.test-entropy.limit.total=-1;fs.test-entropy.limit.input=-1;fs.test-entropy.limit.output=-1;fs.default-scheme=null;fs.allowed-fallback-filesystems=;]
org.apache.flink.configuration.ConfigurationTest#testRemoveKey,5,[a.b=42;c.d=44;c.d.f1=44;c.d.f2=44;e.f=1337;]
org.apache.flink.api.common.io.EnumerateNestedFilesTest#testTwoNestedDirectoriesWithFilteredFilesTrue,13,[taskmanager.runtime.fs_timeout=0;recursive.file.enumeration=true;fs.file.limit.total=-1;fs.file.limit.input=-1;fs.file.limit.output=-1;fs.test.limit.total=-1;fs.test.limit.input=-1;fs.test.limit.output=-1;fs.test-entropy.limit.total=-1;fs.test-entropy.limit.input=-1;fs.test-entropy.limit.output=-1;fs.default-scheme=null;fs.allowed-fallback-filesystems=;]
org.apache.flink.configuration.ConfigurationTest#testMapWithPrefix,3,[test-map-key.prop1=value1;test-map-key.prop2=12;test-map-key={prop2=12, prop1=value1};]
org.apache.flink.configuration.FilesystemSchemeConfigTest#testExplicitlySetToOther,11,[fs.default-scheme=null;fs.file.limit.total=-1;fs.file.limit.input=-1;fs.file.limit.output=-1;fs.test.limit.total=-1;fs.test.limit.input=-1;fs.test.limit.output=-1;fs.test-entropy.limit.total=-1;fs.test-entropy.limit.input=-1;fs.test-entropy.limit.output=-1;fs.allowed-fallback-filesystems=;]
org.apache.flink.api.java.typeutils.runtime.kryo.KryoGenericTypeSerializerTest#testForwardEOFExceptionWhileSerializing,1,[pipeline.force-kryo=false;]
org.apache.flink.api.common.io.DelimitedInputFormatTest#testOpen,15,[taskmanager.runtime.fs_timeout=0;compiler.delimited-informat.max-line-samples=10;compiler.delimited-informat.min-line-samples=2;compiler.delimited-informat.max-sample-len=2097152;fs.file.limit.total=-1;fs.file.limit.input=-1;fs.file.limit.output=-1;fs.test.limit.total=-1;fs.test.limit.input=-1;fs.test.limit.output=-1;fs.test-entropy.limit.total=-1;fs.test-entropy.limit.input=-1;fs.test-entropy.limit.output=-1;fs.default-scheme=null;fs.allowed-fallback-filesystems=;]
org.apache.flink.api.java.typeutils.runtime.kryo.KryoSerializerConcurrencyTest#testConcurrentUseOfSerializer,1,[pipeline.force-kryo=false;]
org.apache.flink.api.common.io.GenericCsvInputFormatTest#testReadNoPosAll,18,[taskmanager.runtime.fs_timeout=0;compiler.delimited-informat.max-line-samples=10;compiler.delimited-informat.min-line-samples=2;compiler.delimited-informat.max-sample-len=2097152;recursive.file.enumeration=false;delimited-format.delimiter=null;delimited-format.numSamples=null;fs.file.limit.total=-1;fs.file.limit.input=-1;fs.file.limit.output=-1;fs.test.limit.total=-1;fs.test.limit.input=-1;fs.test.limit.output=-1;fs.test-entropy.limit.total=-1;fs.test-entropy.limit.input=-1;fs.test-entropy.limit.output=-1;fs.default-scheme=null;fs.allowed-fallback-filesystems=;]
org.apache.flink.api.common.operators.base.InnerJoinOperatorBaseTest#testJoinRich,1,[pipeline.object-reuse=true;]
org.apache.flink.api.common.state.MapStateDescriptorTest#testSerializerDuplication,1,[pipeline.force-kryo=false;]
org.apache.flink.api.common.io.EnumerateNestedFilesTest#testNoNestedDirectoryTrue,13,[taskmanager.runtime.fs_timeout=0;recursive.file.enumeration=true;fs.file.limit.total=-1;fs.file.limit.input=-1;fs.file.limit.output=-1;fs.test.limit.total=-1;fs.test.limit.input=-1;fs.test.limit.output=-1;fs.test-entropy.limit.total=-1;fs.test-entropy.limit.input=-1;fs.test-entropy.limit.output=-1;fs.default-scheme=null;fs.allowed-fallback-filesystems=;]
org.apache.flink.configuration.ConfigurationTest#testMapNonPrefixHasPrecedence,3,[test-map-key={prop2=12, prop1=value1};test-map-key.prop1=value1;test-map-key.prop2=99999;]
org.apache.flink.core.security.FlinkSecurityManagerTest#testHaltConfiguration,2,[cluster.processes.halt-on-fatal-error=true;cluster.intercept-user-system-exit=DISABLED;]
org.apache.flink.api.common.io.FileInputFormatTest#testSetPathsOnePathNull,1,[taskmanager.runtime.fs_timeout=0;]
org.apache.flink.core.security.FlinkSecurityManagerTest#testMultiSecurityManagersWithSetLastAndMonitored,2,[cluster.intercept-user-system-exit=THROW;cluster.processes.halt-on-fatal-error=false;]
org.apache.flink.api.common.operators.base.PartitionMapOperatorTest#testMapPartitionWithRuntimeContext,1,[pipeline.object-reuse=true;]
org.apache.flink.api.java.typeutils.runtime.kryo.KryoGenericTypeSerializerTest#testJavaSet,1,[pipeline.force-kryo=false;]
org.apache.flink.api.common.io.FileInputFormatTest#testGetStatisticsMultipleOneFileWithCachedVersion,13,[taskmanager.runtime.fs_timeout=0;recursive.file.enumeration=false;fs.file.limit.total=-1;fs.file.limit.input=-1;fs.file.limit.output=-1;fs.test.limit.total=-1;fs.test.limit.input=-1;fs.test.limit.output=-1;fs.test-entropy.limit.total=-1;fs.test-entropy.limit.input=-1;fs.test-entropy.limit.output=-1;fs.default-scheme=null;fs.allowed-fallback-filesystems=;]
org.apache.flink.api.java.typeutils.runtime.kryo.KryoWithCustomSerializersTest#testBeanStyleObjects,2,[pipeline.generic-types=true;pipeline.force-kryo=false;]
org.apache.flink.api.java.typeutils.runtime.kryo.SerializersTest#testTypeRegistrationFromTypeInfo,1,[pipeline.force-kryo=false;]
org.apache.flink.api.common.io.FileInputFormatTest#testSetPathsNull,1,[taskmanager.runtime.fs_timeout=0;]
org.apache.flink.api.common.io.DelimitedInputFormatTest#testReadWithTrailingDelimiter,18,[taskmanager.runtime.fs_timeout=0;compiler.delimited-informat.max-line-samples=10;compiler.delimited-informat.min-line-samples=2;compiler.delimited-informat.max-sample-len=2097152;recursive.file.enumeration=false;delimited-format.delimiter=null;delimited-format.numSamples=null;fs.file.limit.total=-1;fs.file.limit.input=-1;fs.file.limit.output=-1;fs.test.limit.total=-1;fs.test.limit.input=-1;fs.test.limit.output=-1;fs.test-entropy.limit.total=-1;fs.test-entropy.limit.input=-1;fs.test-entropy.limit.output=-1;fs.default-scheme=null;fs.allowed-fallback-filesystems=;]
org.apache.flink.api.java.typeutils.runtime.kryo.SerializersTest#testTypeRegistration,1,[pipeline.force-kryo=false;]
org.apache.flink.api.common.io.FileInputFormatTest#testGetStatisticsMultipleNonExistingFile,13,[taskmanager.runtime.fs_timeout=0;recursive.file.enumeration=false;fs.file.limit.total=-1;fs.file.limit.input=-1;fs.file.limit.output=-1;fs.test.limit.total=-1;fs.test.limit.input=-1;fs.test.limit.output=-1;fs.test-entropy.limit.total=-1;fs.test-entropy.limit.input=-1;fs.test-entropy.limit.output=-1;fs.default-scheme=null;fs.allowed-fallback-filesystems=;]
org.apache.flink.configuration.RestOptionsTest#testBindAddressSecondDeprecatedKey,3,[jobmanager.web.address=Optional[foobar];rest.bind-address=foobar;web.address=Optional.empty;]
org.apache.flink.core.fs.LimitedConnectionsConfigurationTest#testConfiguration,13,[fs.file.limit.total=-1;fs.file.limit.input=-1;fs.file.limit.output=-1;fs.test.limit.total=-1;fs.test.limit.input=-1;fs.test.limit.output=-1;fs.test-entropy.limit.total=-1;fs.test-entropy.limit.input=-1;fs.test-entropy.limit.output=-1;fs.default-scheme=null;fs.allowed-fallback-filesystems=;fs.test.limit.timeout=12345;fs.test.limit.stream-timeout=98765;]
org.apache.flink.api.common.io.DelimitedInputFormatTest#testReadCustomDelimiterWithCharset,17,[taskmanager.runtime.fs_timeout=0;compiler.delimited-informat.max-line-samples=10;compiler.delimited-informat.min-line-samples=2;compiler.delimited-informat.max-sample-len=2097152;recursive.file.enumeration=false;delimited-format.numSamples=null;fs.file.limit.total=-1;fs.file.limit.input=-1;fs.file.limit.output=-1;fs.test.limit.total=-1;fs.test.limit.input=-1;fs.test.limit.output=-1;fs.test-entropy.limit.total=-1;fs.test-entropy.limit.input=-1;fs.test-entropy.limit.output=-1;fs.default-scheme=null;fs.allowed-fallback-filesystems=;]
org.apache.flink.api.java.typeutils.runtime.kryo.KryoGenericTypeSerializerTest#testJavaList,1,[pipeline.force-kryo=false;]
org.apache.flink.api.common.io.GenericCsvInputFormatTest#testSparseParseWithIndices,18,[taskmanager.runtime.fs_timeout=0;compiler.delimited-informat.max-line-samples=10;compiler.delimited-informat.min-line-samples=2;compiler.delimited-informat.max-sample-len=2097152;recursive.file.enumeration=false;delimited-format.delimiter=null;delimited-format.numSamples=null;fs.file.limit.total=-1;fs.file.limit.input=-1;fs.file.limit.output=-1;fs.test.limit.total=-1;fs.test.limit.input=-1;fs.test.limit.output=-1;fs.test-entropy.limit.total=-1;fs.test-entropy.limit.input=-1;fs.test-entropy.limit.output=-1;fs.default-scheme=null;fs.allowed-fallback-filesystems=;]
org.apache.flink.api.common.io.FileInputFormatTest#testGetStatisticsMultipleFilesWithCachedVersion,13,[taskmanager.runtime.fs_timeout=0;recursive.file.enumeration=false;fs.file.limit.total=-1;fs.file.limit.input=-1;fs.file.limit.output=-1;fs.test.limit.total=-1;fs.test.limit.input=-1;fs.test.limit.output=-1;fs.test-entropy.limit.total=-1;fs.test-entropy.limit.input=-1;fs.test-entropy.limit.output=-1;fs.default-scheme=null;fs.allowed-fallback-filesystems=;]
org.apache.flink.api.common.io.DelimitedInputFormatTest#testGetStatistics,15,[taskmanager.runtime.fs_timeout=0;compiler.delimited-informat.max-line-samples=10;compiler.delimited-informat.min-line-samples=2;compiler.delimited-informat.max-sample-len=2097152;fs.file.limit.total=-1;fs.file.limit.input=-1;fs.file.limit.output=-1;fs.test.limit.total=-1;fs.test.limit.input=-1;fs.test.limit.output=-1;fs.test-entropy.limit.total=-1;fs.test-entropy.limit.input=-1;fs.test-entropy.limit.output=-1;fs.default-scheme=null;fs.allowed-fallback-filesystems=;]
org.apache.flink.util.InstantiationUtilTest#testWriteToConfigFailingSerialization,2,[testkey1=[B@536dbea0;testkey2=[B@47c81abf;]
org.apache.flink.api.common.io.DelimitedInputFormatTest#testReadExactlyBufferSize,18,[taskmanager.runtime.fs_timeout=0;compiler.delimited-informat.max-line-samples=10;compiler.delimited-informat.min-line-samples=2;compiler.delimited-informat.max-sample-len=2097152;recursive.file.enumeration=false;delimited-format.delimiter=null;delimited-format.numSamples=null;fs.file.limit.total=-1;fs.file.limit.input=-1;fs.file.limit.output=-1;fs.test.limit.total=-1;fs.test.limit.input=-1;fs.test.limit.output=-1;fs.test-entropy.limit.total=-1;fs.test-entropy.limit.input=-1;fs.test-entropy.limit.output=-1;fs.default-scheme=null;fs.allowed-fallback-filesystems=;]
org.apache.flink.api.common.io.GenericCsvInputFormatTest#testReadNoPosFirstN,18,[taskmanager.runtime.fs_timeout=0;compiler.delimited-informat.max-line-samples=10;compiler.delimited-informat.min-line-samples=2;compiler.delimited-informat.max-sample-len=2097152;recursive.file.enumeration=false;delimited-format.delimiter=null;delimited-format.numSamples=null;fs.file.limit.total=-1;fs.file.limit.input=-1;fs.file.limit.output=-1;fs.test.limit.total=-1;fs.test.limit.input=-1;fs.test.limit.output=-1;fs.test-entropy.limit.total=-1;fs.test-entropy.limit.input=-1;fs.test-entropy.limit.output=-1;fs.default-scheme=null;fs.allowed-fallback-filesystems=;]
org.apache.flink.api.common.io.DelimitedInputFormatSamplingTest#testSamplingDirectory,18,[taskmanager.runtime.fs_timeout=0;compiler.delimited-informat.max-line-samples=4;compiler.delimited-informat.min-line-samples=4;compiler.delimited-informat.max-sample-len=2097152;recursive.file.enumeration=false;delimited-format.delimiter=null;delimited-format.numSamples=null;fs.file.limit.total=-1;fs.file.limit.input=-1;fs.file.limit.output=-1;fs.test.limit.total=-1;fs.test.limit.input=-1;fs.test.limit.output=-1;fs.test-entropy.limit.total=-1;fs.test-entropy.limit.input=-1;fs.test-entropy.limit.output=-1;fs.default-scheme=null;fs.allowed-fallback-filesystems=;]
org.apache.flink.api.java.typeutils.runtime.kryo.KryoGenericTypeSerializerTest#validateReferenceMappingEnabled,1,[pipeline.force-kryo=false;]
org.apache.flink.api.java.typeutils.runtime.kryo.KryoSerializerConcurrencyTest#testDuplicateSerializerWithRegisteredSerializerInstance,1,[pipeline.force-kryo=false;]
org.apache.flink.api.common.io.FileInputFormatTest#testDecorateInputStream,13,[taskmanager.runtime.fs_timeout=0;recursive.file.enumeration=false;fs.file.limit.total=-1;fs.file.limit.input=-1;fs.file.limit.output=-1;fs.test.limit.total=-1;fs.test.limit.input=-1;fs.test.limit.output=-1;fs.test-entropy.limit.total=-1;fs.test-entropy.limit.input=-1;fs.test-entropy.limit.output=-1;fs.default-scheme=null;fs.allowed-fallback-filesystems=;]
org.apache.flink.api.common.io.DelimitedInputFormatTest#testReadCustomDelimiter,17,[taskmanager.runtime.fs_timeout=0;compiler.delimited-informat.max-line-samples=10;compiler.delimited-informat.min-line-samples=2;compiler.delimited-informat.max-sample-len=2097152;recursive.file.enumeration=false;delimited-format.numSamples=null;fs.file.limit.total=-1;fs.file.limit.input=-1;fs.file.limit.output=-1;fs.test.limit.total=-1;fs.test.limit.input=-1;fs.test.limit.output=-1;fs.test-entropy.limit.total=-1;fs.test-entropy.limit.input=-1;fs.test-entropy.limit.output=-1;fs.default-scheme=null;fs.allowed-fallback-filesystems=;]
org.apache.flink.api.common.state.ValueStateDescriptorTest#testVeryLargeDefaultValue,1,[pipeline.force-kryo=false;]
org.apache.flink.api.common.io.FileInputFormatTest#testCreateInputSplitMultiFiles,13,[taskmanager.runtime.fs_timeout=0;recursive.file.enumeration=false;fs.file.limit.total=-1;fs.file.limit.input=-1;fs.file.limit.output=-1;fs.test.limit.total=-1;fs.test.limit.input=-1;fs.test.limit.output=-1;fs.test-entropy.limit.total=-1;fs.test-entropy.limit.input=-1;fs.test-entropy.limit.output=-1;fs.default-scheme=null;fs.allowed-fallback-filesystems=;]
org.apache.flink.api.common.io.EnumerateNestedFilesTest#testTwoNestedDirectoriesTrue,13,[taskmanager.runtime.fs_timeout=0;recursive.file.enumeration=true;fs.file.limit.total=-1;fs.file.limit.input=-1;fs.file.limit.output=-1;fs.test.limit.total=-1;fs.test.limit.input=-1;fs.test.limit.output=-1;fs.test-entropy.limit.total=-1;fs.test-entropy.limit.input=-1;fs.test-entropy.limit.output=-1;fs.default-scheme=null;fs.allowed-fallback-filesystems=;]
org.apache.flink.api.common.state.StateDescriptorTest#testSerializerLazyInitializeInParallel,2,[pipeline.force-kryo=false;pipeline.force-avro=false;]
org.apache.flink.api.java.typeutils.runtime.kryo.KryoWithCustomSerializersTest#testNestedInterfaces,2,[pipeline.generic-types=true;pipeline.force-kryo=false;]
org.apache.flink.core.security.FlinkSecurityManagerTest#testLogConfiguration,2,[cluster.intercept-user-system-exit=LOG;cluster.processes.halt-on-fatal-error=false;]
org.apache.flink.api.common.io.FileOutputFormatTest#testCreateNonParallelLocalFS,13,[fs.overwrite-files=false;fs.output.always-create-directory=false;fs.file.limit.total=-1;fs.file.limit.input=-1;fs.file.limit.output=-1;fs.test.limit.total=-1;fs.test.limit.input=-1;fs.test.limit.output=-1;fs.test-entropy.limit.total=-1;fs.test-entropy.limit.input=-1;fs.test-entropy.limit.output=-1;fs.default-scheme=null;fs.allowed-fallback-filesystems=;]
org.apache.flink.configuration.ConfigurationTest#testFallbackKeys,7,[the-key=11;old-key=Optional[12];older-key=Optional[13];does-not-exist=-1;foo=Optional.empty;not-there=Optional.empty;also-not-there=Optional.empty;]
org.apache.flink.api.common.io.FileInputFormatTest#testIgnoredUnderscoreFiles,13,[taskmanager.runtime.fs_timeout=0;recursive.file.enumeration=false;fs.file.limit.total=-1;fs.file.limit.input=-1;fs.file.limit.output=-1;fs.test.limit.total=-1;fs.test.limit.input=-1;fs.test.limit.output=-1;fs.test-entropy.limit.total=-1;fs.test-entropy.limit.input=-1;fs.test-entropy.limit.output=-1;fs.default-scheme=null;fs.allowed-fallback-filesystems=;]
org.apache.flink.api.common.io.DelimitedInputFormatTest#testDelimiterOnBufferBoundary,17,[taskmanager.runtime.fs_timeout=0;compiler.delimited-informat.max-line-samples=10;compiler.delimited-informat.min-line-samples=2;compiler.delimited-informat.max-sample-len=2097152;recursive.file.enumeration=false;delimited-format.numSamples=null;fs.file.limit.total=-1;fs.file.limit.input=-1;fs.file.limit.output=-1;fs.test.limit.total=-1;fs.test.limit.input=-1;fs.test.limit.output=-1;fs.test-entropy.limit.total=-1;fs.test-entropy.limit.input=-1;fs.test-entropy.limit.output=-1;fs.default-scheme=null;fs.allowed-fallback-filesystems=;]
org.apache.flink.api.java.typeutils.runtime.kryo.KryoSerializerCompatibilityTest#testMigrationStrategyWithDifferentKryoType,1,[pipeline.force-kryo=false;]
org.apache.flink.api.common.io.GenericCsvInputFormatTest#readWithHeaderLineAndInvalidIntermediate,18,[taskmanager.runtime.fs_timeout=0;compiler.delimited-informat.max-line-samples=10;compiler.delimited-informat.min-line-samples=2;compiler.delimited-informat.max-sample-len=2097152;recursive.file.enumeration=false;delimited-format.delimiter=null;delimited-format.numSamples=null;fs.file.limit.total=-1;fs.file.limit.input=-1;fs.file.limit.output=-1;fs.test.limit.total=-1;fs.test.limit.input=-1;fs.test.limit.output=-1;fs.test-entropy.limit.total=-1;fs.test-entropy.limit.input=-1;fs.test-entropy.limit.output=-1;fs.default-scheme=null;fs.allowed-fallback-filesystems=;]
org.apache.flink.api.common.state.StateDescriptorTest#testInitializeSerializerAfterSerializationWithCustomConfig,2,[pipeline.force-kryo=false;pipeline.generic-types=true;]
org.apache.flink.api.common.io.GenericCsvInputFormatTest#testLongLongLong,18,[taskmanager.runtime.fs_timeout=0;compiler.delimited-informat.max-line-samples=10;compiler.delimited-informat.min-line-samples=2;compiler.delimited-informat.max-sample-len=2097152;recursive.file.enumeration=false;delimited-format.delimiter=null;delimited-format.numSamples=null;fs.file.limit.total=-1;fs.file.limit.input=-1;fs.file.limit.output=-1;fs.test.limit.total=-1;fs.test.limit.input=-1;fs.test.limit.output=-1;fs.test-entropy.limit.total=-1;fs.test-entropy.limit.input=-1;fs.test-entropy.limit.output=-1;fs.default-scheme=null;fs.allowed-fallback-filesystems=;]
org.apache.flink.configuration.ConfigurationTest#testFallbackAndDeprecatedKeys,3,[fallback=Optional[1];main=1;deprecated=2;]
org.apache.flink.api.java.typeutils.runtime.kryo.KryoSerializerConcurrencyTest#testDuplicateSerializerWithDefaultSerializerInstance,1,[pipeline.force-kryo=false;]
org.apache.flink.api.java.typeutils.runtime.MultidimensionalArraySerializerTest#testGenericObjectArrays,2,[pipeline.force-kryo=false;pipeline.force-avro=false;]
org.apache.flink.api.java.typeutils.runtime.kryo.KryoSerializerConcurrencyTest#testDuplicateSerializerWithRegisteredSerializerClass,1,[pipeline.force-kryo=false;]
org.apache.flink.api.common.operators.GenericDataSinkBaseTest#testDataSourcePlain,1,[pipeline.object-reuse=true;]
org.apache.flink.api.java.typeutils.runtime.PojoGenericTypeSerializerTest#testNestedInterfaces,2,[pipeline.generic-types=true;pipeline.force-kryo=false;]
org.apache.flink.api.java.typeutils.runtime.kryo.KryoGenericTypeSerializerTest#testBeanStyleObjects,1,[pipeline.force-kryo=false;]
org.apache.flink.api.common.io.GenericCsvInputFormatTest#testReadInvalidContentsLenientWithSkipping,18,[taskmanager.runtime.fs_timeout=0;compiler.delimited-informat.max-line-samples=10;compiler.delimited-informat.min-line-samples=2;compiler.delimited-informat.max-sample-len=2097152;recursive.file.enumeration=false;delimited-format.delimiter=null;delimited-format.numSamples=null;fs.file.limit.total=-1;fs.file.limit.input=-1;fs.file.limit.output=-1;fs.test.limit.total=-1;fs.test.limit.input=-1;fs.test.limit.output=-1;fs.test-entropy.limit.total=-1;fs.test-entropy.limit.input=-1;fs.test-entropy.limit.output=-1;fs.default-scheme=null;fs.allowed-fallback-filesystems=;]
org.apache.flink.api.common.state.ReducingStateDescriptorTest#testReducingStateDescriptor,1,[pipeline.force-kryo=false;]
org.apache.flink.configuration.SecurityOptionsTest#checkEnableSSL,3,[security.ssl.enabled=true;security.ssl.internal.enabled=false;security.ssl.rest.enabled=false;]
org.apache.flink.api.common.io.DelimitedInputFormatTest#testReadWithoutTrailingDelimiter,18,[taskmanager.runtime.fs_timeout=0;compiler.delimited-informat.max-line-samples=10;compiler.delimited-informat.min-line-samples=2;compiler.delimited-informat.max-sample-len=2097152;recursive.file.enumeration=false;delimited-format.delimiter=null;delimited-format.numSamples=null;fs.file.limit.total=-1;fs.file.limit.input=-1;fs.file.limit.output=-1;fs.test.limit.total=-1;fs.test.limit.input=-1;fs.test.limit.output=-1;fs.test-entropy.limit.total=-1;fs.test-entropy.limit.input=-1;fs.test-entropy.limit.output=-1;fs.default-scheme=null;fs.allowed-fallback-filesystems=;]
org.apache.flink.api.common.io.FileInputFormatTest#testFileInputSplit,13,[taskmanager.runtime.fs_timeout=0;recursive.file.enumeration=false;fs.file.limit.total=-1;fs.file.limit.input=-1;fs.file.limit.output=-1;fs.test.limit.total=-1;fs.test.limit.input=-1;fs.test.limit.output=-1;fs.test-entropy.limit.total=-1;fs.test-entropy.limit.input=-1;fs.test-entropy.limit.output=-1;fs.default-scheme=null;fs.allowed-fallback-filesystems=;]
org.apache.flink.api.common.operators.base.OuterJoinOperatorBaseTest#testFullOuterJoinBuildingCorrectCrossProducts,1,[pipeline.object-reuse=true;]
org.apache.flink.api.common.io.DelimitedInputFormatSamplingTest#testDifferentDelimiter,17,[taskmanager.runtime.fs_timeout=0;compiler.delimited-informat.max-line-samples=4;compiler.delimited-informat.min-line-samples=4;compiler.delimited-informat.max-sample-len=2097152;recursive.file.enumeration=false;delimited-format.numSamples=null;fs.file.limit.total=-1;fs.file.limit.input=-1;fs.file.limit.output=-1;fs.test.limit.total=-1;fs.test.limit.input=-1;fs.test.limit.output=-1;fs.test-entropy.limit.total=-1;fs.test-entropy.limit.input=-1;fs.test-entropy.limit.output=-1;fs.default-scheme=null;fs.allowed-fallback-filesystems=;]
org.apache.flink.api.common.io.FileInputFormatTest#testToStringWithoutPathSet,1,[taskmanager.runtime.fs_timeout=0;]
org.apache.flink.configuration.CoreOptionsTest#testGetParentFirstLoaderPatterns,3,[classloader.parent-first-patterns.default=[];classloader.parent-first-patterns=Optional.empty;classloader.parent-first-patterns.additional=[how, are, you];]
org.apache.flink.api.java.typeutils.runtime.kryo.KryoClearedBufferTest#testOutputBufferedBeingClearedInCaseOfException,1,[pipeline.force-kryo=false;]
org.apache.flink.configuration.ConfigurationTest#testConfigurationSerializationAndGetters,8,[mykey=myvalue;mynumber=100;longvalue=478236947162389746;PI=3.1415925;E=2.718281828459045;shouldbetrue=true;bytes sequence=[B@33ecda92;myclass=class org.apache.flink.configuration.ConfigurationTest;]
org.apache.flink.api.java.typeutils.runtime.kryo.KryoGenericTypeSerializerTest#testNestedInterfaces,1,[pipeline.force-kryo=false;]
org.apache.flink.api.common.io.GenericCsvInputFormatTest#readWithParseQuotedStrings,18,[taskmanager.runtime.fs_timeout=0;compiler.delimited-informat.max-line-samples=10;compiler.delimited-informat.min-line-samples=2;compiler.delimited-informat.max-sample-len=2097152;recursive.file.enumeration=false;delimited-format.delimiter=null;delimited-format.numSamples=null;fs.file.limit.total=-1;fs.file.limit.input=-1;fs.file.limit.output=-1;fs.test.limit.total=-1;fs.test.limit.input=-1;fs.test.limit.output=-1;fs.test-entropy.limit.total=-1;fs.test-entropy.limit.input=-1;fs.test-entropy.limit.output=-1;fs.default-scheme=null;fs.allowed-fallback-filesystems=;]
org.apache.flink.api.common.io.GenericCsvInputFormatTest#testSparseParseWithIndicesMultiCharDelimiter,18,[taskmanager.runtime.fs_timeout=0;compiler.delimited-informat.max-line-samples=10;compiler.delimited-informat.min-line-samples=2;compiler.delimited-informat.max-sample-len=2097152;recursive.file.enumeration=false;delimited-format.delimiter=null;delimited-format.numSamples=null;fs.file.limit.total=-1;fs.file.limit.input=-1;fs.file.limit.output=-1;fs.test.limit.total=-1;fs.test.limit.input=-1;fs.test.limit.output=-1;fs.test-entropy.limit.total=-1;fs.test-entropy.limit.input=-1;fs.test-entropy.limit.output=-1;fs.default-scheme=null;fs.allowed-fallback-filesystems=;]
org.apache.flink.api.common.io.GenericCsvInputFormatTest#readWithHeaderLine,18,[taskmanager.runtime.fs_timeout=0;compiler.delimited-informat.max-line-samples=10;compiler.delimited-informat.min-line-samples=2;compiler.delimited-informat.max-sample-len=2097152;recursive.file.enumeration=false;delimited-format.delimiter=null;delimited-format.numSamples=null;fs.file.limit.total=-1;fs.file.limit.input=-1;fs.file.limit.output=-1;fs.test.limit.total=-1;fs.test.limit.input=-1;fs.test.limit.output=-1;fs.test-entropy.limit.total=-1;fs.test-entropy.limit.input=-1;fs.test-entropy.limit.output=-1;fs.default-scheme=null;fs.allowed-fallback-filesystems=;]
org.apache.flink.api.common.io.FileInputFormatTest#testSetPath,1,[taskmanager.runtime.fs_timeout=0;]
org.apache.flink.configuration.ConfigUtilsTest#nullArrayPutsNothingInConfig,1,[test.option.key=null;]
org.apache.flink.api.java.typeutils.runtime.kryo.KryoGenericTypeSerializerTest#testString,1,[pipeline.force-kryo=false;]
